run,start_row,start_col,end_row,end_col,terrain_cells,terrain_dist_km,terrain_time_min,terrain_gain_m,terrain_loss_m,shortest_cells,shortest_dist_km,shortest_time_min,shortest_gain_m,shortest_loss_m,extra_dist_m,time_saved_min
1,788,861,82,530,731,22.003030171412,288.4511684073845,493.4324951171875,656.4314575195312,707,21.3940232882473,684.945178383483,1886.911376953125,2049.91015625,609.0068831647004,396.49400997609854
2,1047,995,829,621,428,12.779743232065059,215.67506839962215,955.3217163085938,416.1918640136719,375,11.781709033798087,322.29275911929193,1488.140869140625,949.0109252929688,998.0341982669706,106.61769071966978
3,976,733,447,1033,549,17.0483827599668,228.5492610555397,314.25714111328125,1090.3939208984375,530,16.57676309873582,524.1575489444344,1642.689453125,2418.826416015625,471.61966123097955,295.6082878888948
4,513,1090,300,635,464,14.281857681511045,254.76801959255332,1055.22802734375,944.9186401367188,456,13.78455332477323,633.3275719816346,2079.11865234375,1968.8095703125,497.3043567378154,378.5595523890813
5,202,151,676,966,895,27.152591272829405,362.44188505885126,688.8084716796875,1133.6793212890625,816,25.66297222485746,797.494330667179,2904.471435546875,3349.34228515625,1489.619047971948,435.0524456083278
6,206,724,889,647,706,21.936230550265968,325.6409855119971,1050.75048828125,755.8487548828125,684,18.140651554853168,3862.653399559672,2774.580078125,2479.678955078125,3795.5789954128013,3537.0124140476746
7,418,976,906,1067,505,15.00692080201884,198.7036853894249,295.48614501953125,617.0498657226562,489,13.339621660315755,356.4046934829654,1091.9144287109375,1413.4783935546875,1667.2991417030844,157.7010080935405
8,533,127,28,191,511,14.801805732814092,211.43676591151777,580.2703247070312,474.23590087890625,506,13.487210261482172,285.6604961423364,992.44384765625,886.409423828125,1314.5954713319188,74.22373023081863
9,816,2,1010,682,794,22.445486566202927,311.71366502502667,753.3527221679688,834.3007202148438,681,19.294287883561076,665.832745785447,1939.8375244140625,2020.7835693359375,3151.1986826418506,354.1190807604203
10,499,666,128,391,427,13.206331826731935,176.94952350120252,398.8591613769531,252.81314086914062,372,12.304698086042704,232.7766904642556,788.2142333984375,642.168212890625,901.6337406892326,55.82716696305309
11,454,488,291,1112,659,19.04084442428429,276.9207209117666,726.1981201171875,1241.847900390625,625,17.547437396671018,770.3501777691578,2370.23095703125,2885.878173828125,1493.4070276132734,493.4294568573912
12,917,186,164,655,805,25.215671463017014,344.4647959355226,743.61865234375,1276.819580078125,754,24.037150503643684,1140.9764779038126,3087.787109375,3620.98681640625,1178.5209593733307,796.51168196829
13,1040,1002,223,617,910,26.98665960187226,373.5259213461333,1036.992919921875,646.360107421875,818,24.778262671700492,575.1107315745644,2242.62744140625,1851.994140625,2208.39693017177,201.58481022843108
14,596,255,681,1106,871,26.533073601723736,352.1392824809049,580.2105712890625,1347.0743408203125,852,22.487786040533663,739.5845736714216,2134.00146484375,2900.866455078125,4045.287561190071,387.4452911905167
15,187,788,649,495,540,16.3680412973147,241.1433754523855,793.7039794921875,546.7351684570312,463,14.80304336764734,548.3577294324552,1791.40625,1544.4384765625,1564.997929667361,307.21435398006975
16,67,532,975,141,931,28.23427420463311,415.29554015094556,1267.1666259765625,867.5940551757812,909,27.150478498012518,750.6353839427272,2983.972900390625,2584.39990234375,1083.7957066205927,335.3398437917817
17,164,1107,801,1074,642,17.936774120481743,236.09119339197468,443.9431457519531,291.9803771972656,638,16.51091369271463,321.14056889940485,1024.35107421875,872.3886108398438,1425.860427767111,85.04937550743017
18,564,1068,482,440,651,19.752280680767925,283.3486857547184,844.1751708984375,669.0004272460938,629,16.797564720639638,793.0932160707636,2218.17578125,2043.00048828125,2954.7159601282874,509.74453031604514
19,858,563,922,1008,460,13.581241621676778,219.2779477420518,551.060546875,1219.205322265625,446,11.964693053570747,619.397002923725,1379.705810546875,2047.848876953125,1616.5485681060309,400.1190551816733
20,996,686,389,497,675,20.613546474517854,281.93938763470425,576.6165161132812,1014.1721801757812,608,17.389338007563527,676.4548828763415,2053.983642578125,2491.53759765625,3224.2084669543256,394.5154952416372
21,761,349,681,872,590,17.53169775783036,246.7932001798912,414.5995178222656,1062.8037109375,524,14.112138030912504,9838.267866259983,1798.3690185546875,2446.572021484375,3419.559726917858,9591.474666080092
22,92,1094,151,54,1051,30.249251402232552,414.64830879572486,1114.39306640625,714.4033813476562,1041,27.01043475898727,910.4175025432935,2699.072509765625,2299.083984375,3238.8166432452817,495.76919374756864
23,254,386,245,801,437,12.577178507668497,193.717882676238,616.9462280273438,599.9153442382812,416,10.625341112856988,396.77260374256554,1312.4542236328125,1295.423095703125,1951.8373948115095,203.05472106632755
24,187,758,237,74,711,20.223719094573788,273.63481944090347,624.6510009765625,660.5303955078125,685,17.882235567243217,524.9876499807931,1594.46435546875,1630.34423828125,2341.4835273305725,251.35283053988962
25,981,431,125,46,869,26.4718122401856,388.96073545312134,1064.9779052734375,1282.5777587890625,857,25.76789885684293,676.0970145917167,2193.771240234375,2411.36962890625,703.9133833426677,287.1362791385954
26,452,147,616,717,594,18.46355115236789,275.771489726724,917.8497924804688,871.26513671875,571,16.187682697491773,692.6868349398065,1698.330078125,1651.7451171875,2275.8684548761157,416.91534521308256
27,893,369,125,1031,1039,31.384725908574946,387.2990567439836,465.0089416503906,899.5635986328125,769,26.446361878245558,2514.870762611596,3086.589111328125,3521.142822265625,4938.3640303293905,2127.5717058676123
28,956,80,206,801,949,29.847216040522763,408.86584419160863,1002.0885009765625,1336.67822265625,751,26.60974320439449,1184.9187327447428,3740.239501953125,4074.827392578125,3237.4728361282723,776.0528885531342
29,408,532,734,963,479,15.230069532305892,207.38977105530748,444.5975341796875,499.01922607421875,432,14.363265478947957,884.0176590434289,1402.0858154296875,1456.5068359375,866.8040533579351,676.6278879881214
30,331,701,513,240,481,14.965496467671294,222.68545285341472,722.54345703125,609.0565185546875,462,13.610970619391656,354.6995108724047,1376.301513671875,1262.814453125,1354.525848279638,132.01405801898997
31,905,358,27,965,1030,31.808017179733774,405.13780325348864,635.7691040039062,910.4798583984375,879,28.659550089325062,1586.378835820662,3650.10400390625,3924.812744140625,3148.4670904087143,1181.2410325671735
32,795,513,314,25,730,22.156338279611543,333.34007358247675,861.3948364257812,1504.8360595703125,489,17.438828957327498,1322.3279168477875,1991.193603515625,2634.63232421875,4717.509322284044,988.9878432653107
33,575,276,491,986,735,21.77869689243343,327.37687696116683,824.4482421875,1481.2462158203125,711,18.89935981400072,1448.9036089298052,2429.95458984375,3086.754150390625,2879.337078432709,1121.5267319686384
34,635,794,848,165,690,20.26893140856288,326.2857913721411,1308.081298828125,647.7514038085938,630,18.1998532277164,1247.6240019858733,2975.09814453125,2314.76953125,2069.0781808464817,921.3382106137321
35,3,393,684,327,689,20.83216024646347,304.9202011953093,1090.99169921875,304.7017822265625,682,17.974282313904514,707.2964518506972,2425.2861328125,1638.99658203125,2857.8779325589567,402.3762506553879
36,490,456,917,775,614,19.01310004010259,293.4486233256438,953.6144409179688,991.2235717773438,428,14.188188816166472,537.3342781174963,2071.84423828125,2109.453369140625,4824.911223936117,243.88565479185252
37,848,64,823,856,922,27.38576013492411,401.0969980154771,990.3463134765625,1514.98681640625,793,20.359996842957433,1153.610586396169,2898.749755859375,3423.39013671875,7025.763291966676,752.513588380692
38,95,339,912,130,823,24.978714621280748,354.2834737330006,1056.1494140625,366.44793701171875,818,22.92836399407468,748.4035333077645,3013.52685546875,2323.8271484375,2050.3506272060695,394.1200595747639
39,530,322,914,1080,794,24.12721263677197,354.2554514157594,927.8111572265625,1432.9151611328125,759,23.270609962646517,762.3654980658956,2779.512939453125,3284.6162109375,856.60267412545,408.1100466501362
40,997,0,79,1012,1203,38.25805623232551,517.4557832016117,1236.9013671875,1519.3779296875,1013,35.32869356999602,1080.979325378706,3648.368896484375,3930.845458984375,2929.362662329484,563.5235421770944
41,667,639,956,102,600,18.42660869022001,280.8363209097304,806.0660400390625,732.6212158203125,538,16.6641467257724,1676.963693923528,2718.73681640625,2645.29296875,1762.4619644476115,1396.1273730137975
42,850,385,170,267,698,21.081559403532317,335.5755557119289,1211.7998046875,1006.8153076171875,681,18.495468000040862,828.0997199300215,2522.375244140625,2317.39208984375,2586.091403491453,492.52416421809255
43,30,822,855,647,861,26.762816979027086,387.1518097612519,1180.073486328125,905.553466796875,826,22.773999498466996,1179.605167580318,3541.00244140625,3266.482177734375,3988.817480560094,792.4533578190661
44,6,437,29,4,434,11.796829855222207,180.90202472930633,658.876708984375,476.4833984375,434,11.229247306405194,244.13372765228272,968.3057861328125,785.9125366210938,567.5825488170121,63.23170292297638
45,619,573,373,205,543,15.582282546543714,229.86702865390586,783.4946899414062,612.7460327148438,369,11.923759375356513,363.11823439115244,1430.558837890625,1259.810302734375,3658.523171187202,133.25120573724658
46,974,812,166,44,1152,35.62904653708655,499.15545575598304,1292.300048828125,1480.60791015625,809,28.575516871938564,888.4627572778052,3182.247314453125,3370.55419921875,7053.529665147984,389.3073015218221
47,562,927,237,525,556,16.647916430798414,204.78562123972617,172.96844482421875,493.0692138671875,403,13.616871373849722,432.74588100673736,1465.64501953125,1785.7457275390625,3031.045056948691,227.9602597670112
48,273,1066,710,235,911,28.80937962659153,426.2285962715914,1550.1553955078125,664.9244995117188,832,25.68007765981475,3318.6194925111445,4320.16357421875,3434.93359375,3129.3019667767803,2892.390896239553
49,316,570,38,86,534,16.415494547403622,240.10546054991056,818.3955078125,467.5623474121094,485,15.203637858099029,595.8951673793262,1903.09375,1552.2607421875,1211.8566893045918,355.7897068294156
50,83,421,531,644,456,13.858128840360664,177.84812700423248,253.50335693359375,235.072509765625,449,13.712034196594116,351.0728382525845,1326.868896484375,1308.437255859375,146.09464376654614,173.22471124835204
51,751,86,1012,939,927,27.785917055384143,427.6724674472433,1112.326904296875,1967.973876953125,854,24.38843529175644,1921.019292374389,2671.1875,3526.83447265625,3397.481763627704,1493.3468249271455
52,891,762,365,425,642,19.65003255487383,286.23468349239636,648.6283569335938,1085.14892578125,527,16.889536392159307,585.3113370086187,2082.59130859375,2519.11083984375,2760.496162714524,299.07665351622234
53,769,596,18,283,830,24.935615082108303,340.6972761645795,542.6727294921875,1123.4046630859375,752,22.34671701124188,900.554491633077,2688.61962890625,3269.3525390625,2588.898070866424,559.8572154684975
54,309,555,682,691,374,11.419988532885837,161.0447954153293,478.3527526855469,72.600341796875,374,10.894449135833005,294.279771964812,936.8544921875,531.10205078125,525.5393970528312,133.23497654948272
55,592,739,808,265,561,16.942965471847963,253.7520590527368,777.5150146484375,607.6578369140625,475,14.29821613776835,794.2183397222017,2280.33837890625,2110.4814453125,2644.749334079612,540.4662806694648
56,600,235,979,490,442,13.828709251354091,225.14273157274653,607.1234130859375,1131.4375,380,12.297484621609772,410.8344049647528,1344.8743896484375,1869.18798828125,1531.2246297443198,185.6916733920063
57,98,630,367,1071,500,15.363540613314756,213.38559112157915,491.41937255859375,717.34521484375,442,14.01790343429301,372.0706509043772,1044.9149169921875,1270.84130859375,1345.6371790217454,158.68505978279805
58,145,619,825,672,691,20.630651909475176,327.9151954118917,1381.1497802734375,477.23370361328125,681,17.81226678387227,582.6759259858244,2439.275390625,1535.3587646484375,2818.3851256029047,254.76073057393268
59,612,849,222,203,759,22.787113717358185,318.66154321211656,888.5367431640625,688.2326049804688,647,20.491642568858165,730.1509828086349,2577.453125,2377.150634765625,2295.471148500019,411.48943959651837
60,985,970,690,703,392,12.07644866613932,177.28978569993438,652.6224365234375,258.7836608886719,296,10.292089985826479,382.9717985036276,1635.3475341796875,1241.5084228515625,1784.358680312842,205.68201280369323
61,873,77,618,686,676,20.039806848676193,316.6054769724109,956.6298217773438,1167.024658203125,610,18.133800585270244,1404.6739601170966,2283.60693359375,2494.0029296875,1906.0062634059468,1088.0684831446856
62,318,341,769,178,482,14.465332357417015,230.27080920771235,798.248779296875,720.47900390625,452,13.157512780526355,307.0066754677639,1226.951904296875,1149.18212890625,1307.8195768906608,76.73586626005155
63,134,173,405,452,430,12.683342774487356,179.4394090876041,398.0089111328125,748.2181396484375,280,9.928128548814328,438.41865012492013,1443.77880859375,1793.98779296875,2755.2142256730276,258.979241037316
64,125,788,16,200,593,17.092795009114205,252.00116913624595,826.5537719726562,704.7410888671875,589,16.06634452310717,436.8805410418885,1726.5015869140625,1604.68896484375,1026.4504860070356,184.87937190564253
65,130,56,924,413,796,24.335625029484827,365.8546184333417,1114.3118896484375,1093.3408203125,795,23.90032901298487,655.776288625872,1980.11376953125,1959.1419677734375,435.2960164999604,289.92167019253026
66,243,1018,815,525,761,22.76428877536777,352.2464808763841,1339.609619140625,783.8604736328125,573,19.696482503696203,1281.994114009273,3285.56591796875,2729.8173828125,3067.8062716715685,929.747633132889
67,214,405,938,774,796,24.587883940070153,363.2297383522655,1102.6610107421875,852.7557373046875,725,22.25018839238086,698.3926541818514,2758.202392578125,2508.29638671875,2337.6955476892945,335.1629158295859
68,740,1119,309,214,932,28.21760633966739,388.0995297009021,1018.0247802734375,652.4024658203125,906,27.494784155259193,1482.4457121553587,3383.981689453125,3018.358642578125,722.8221844082,1094.3461824544565
69,999,303,831,866,583,17.76399147994186,278.13996028083653,859.407958984375,1050.0875244140625,564,16.05209884166633,534.1646051479889,1475.95751953125,1666.63671875,1711.8926382755344,256.0246448671524
70,1067,1014,660,1020,409,11.057339805848537,144.31776764760244,272.3490905761719,159.5352783203125,408,10.390806454645613,222.57497176262405,772.4188842773438,659.6050415039062,666.5333512029229,78.25720411502161
71,1021,413,448,19,614,19.50710707333217,289.39693053146374,839.8229370117188,955.4472045898438,574,18.681289784330136,535.0870645359571,1551.98486328125,1667.6090087890625,825.8172890020323,245.69013400449336
72,696,651,659,72,597,17.667281613655813,304.1341417976236,1157.672607421875,1226.380126953125,580,15.081190210164475,933.8231525502359,2059.246826171875,2127.953369140625,2586.0914034913385,629.6890107526124
73,602,963,135,173,936,28.91822239950176,408.9019150510161,1202.527099609375,657.036376953125,791,24.95501453930696,774.8900138827833,3135.087890625,2589.59814453125,3963.207860194805,365.98809883176716
74,1057,80,135,460,1030,30.809492325333473,394.7704905299973,573.1666259765625,903.41796875,923,27.39011384584024,1073.4960668355784,3259.422607421875,3589.67431640625,3419.3784794932326,678.7255763055812
75,918,677,329,304,792,23.8872678802358,358.04326040568253,1167.0391845703125,996.5101318359375,590,18.86656782634434,669.2020652472959,2533.972900390625,2363.44384765625,5020.700053891458,311.15880484161335
76,1028,68,185,1060,1257,38.73490474445603,514.2178834832474,1037.7960205078125,1319.7017822265625,993,34.032878738446264,1790.0817827415287,4847.33544921875,5129.2392578125,4702.026006009772,1275.8638992582814
77,855,987,795,478,597,18.350482829824454,260.5059378212358,739.9160766601562,504.1708984375,510,13.546668256912064,753.6723885374688,2338.232421875,2102.48779296875,4803.81457291239,493.166450716233
78,41,0,372,619,676,20.523303093964813,295.76798085153104,856.3165893554688,838.2550048828125,620,19.186373336775713,640.177795671433,2004.940673828125,1986.879638671875,1336.9297571891002,344.409814819902
79,1038,521,681,134,536,16.27705093806168,259.36564412130156,997.386962890625,690.562744140625,388,13.57258728598566,583.9189259818371,1761.9521484375,1455.127685546875,2704.4636520760196,324.55328186053555
80,1010,536,620,835,474,14.39897030626254,203.9490248794091,526.4398193359375,625.1759643554688,391,13.03908744579999,368.12708869236366,1241.15673828125,1339.89306640625,1359.8828604625505,164.17806381295455
81,786,785,127,335,722,22.605004837568796,307.2083546415394,634.425048828125,791.9139404296875,660,21.452168573702348,728.2138445527287,2625.298583984375,2782.7880859375,1152.8362638664476,421.0054899111893
82,113,73,985,855,1177,35.895551129112825,492.7113876001076,1174.5880126953125,1332.94140625,873,30.346686258218902,1011.9931424721876,3782.578125,3940.933349609375,5548.864870893925,519.28175487208
83,288,1007,167,310,725,20.49488680622469,280.1394749347079,721.6314697265625,605.6445922851562,698,18.958380239438952,561.4353206879416,1794.1588134765625,1678.171875,1536.506566785738,281.2958457532337
84,722,842,72,954,737,22.165792680144342,278.91113667011325,406.47943115234375,522.1805419921875,651,17.67114466843881,669.0858688012149,1915.72265625,2031.42529296875,4494.648011705533,390.1747321311017
85,791,939,96,207,973,29.78353249545974,406.7657201276764,1027.494384765625,668.434814453125,733,25.879707555553573,795.604362818623,2959.82373046875,2600.763427734375,3903.824939906164,388.83864269094664
86,964,310,41,66,962,27.728081178637396,383.0809316516336,915.9913940429688,1031.956787109375,924,25.98602197265517,713.6736908898829,2377.241943359375,2493.2080078125,1742.0592059822266,330.5927592382493
87,399,785,1004,227,754,23.98459656393862,350.2180651738577,856.5715942382812,890.9967651367188,606,21.217068184216206,661.2839134990262,2171.66259765625,2206.087646484375,2767.5283797224147,311.0658483251685
88,123,956,691,254,770,24.8215434582983,349.5533511220173,1100.8797607421875,397.8236999511719,703,23.783578883083607,891.6605154779013,2882.010986328125,2178.95361328125,1037.9645752146935,542.1071643558839
89,606,260,793,601,432,13.154524865726613,254.8618084451591,1102.8917236328125,1030.6705322265625,342,10.618490143274084,2558.783287919497,1824.6075439453125,1752.3858642578125,2536.0347224525285,2303.921479474338
90,248,1062,387,78,991,28.34834582844298,402.92723401523574,1274.3717041015625,891.1094360351562,985,26.430281733554345,716.0886943118162,2681.82568359375,2298.562744140625,1918.0640948886357,313.16146029658046
91,802,910,760,390,603,18.72346109737775,271.0649404439275,835.8121948242188,493.838623046875,521,13.636602228756834,1361.3195031748983,2612.889404296875,2270.91650390625,5086.858868620915,1090.2545627309707
92,932,730,154,91,1058,32.140136844214354,457.9166188159802,1064.610107421875,1631.92236328125,779,26.458366623586485,1055.802573189446,2995.742919921875,3563.052734375,5681.77022062787,597.8859543734659
93,81,995,523,54,948,28.718208019913295,391.60936662885166,1050.363037109375,743.79443359375,942,28.523913147357675,674.7111815295212,2632.183349609375,2325.61669921875,194.2948725556198,283.1018149006696
94,1065,442,470,191,620,18.63981236384093,286.0700326343043,958.3783569335938,802.2506713867188,596,17.736503418326677,602.5810177367191,2081.155517578125,1925.028076171875,903.3089455142544,316.5109851024148
95,625,232,298,872,697,21.623766665550825,302.370227300635,738.9251708984375,1235.3984375,641,19.67721120778049,563.7287899868031,1854.8828125,2351.35595703125,1946.5554577703333,261.3585626861681
96,864,172,214,851,879,27.50336341580899,360.58627995677523,607.6915283203125,1433.88623046875,680,24.061831897884232,1010.4061905484717,2976.582763671875,3802.775390625,3441.531517924759,649.8199105916965
97,128,203,850,319,725,21.272685113862828,327.1807042454425,1112.13134765625,814.0941162109375,723,19.54020846969676,574.5519172647986,2195.64013671875,1897.6025390625,1732.476644166065,247.3712130193561
98,62,914,882,854,897,26.81444269260737,353.9725786344828,763.0203247070312,515.1060791015625,821,21.438382451253023,564.4222567102356,2134.2724609375,1886.3585205078125,5376.060241354346,210.44967807575284
99,61,1017,664,517,777,23.821962216489677,320.42558178950355,795.5032958984375,481.72369384765625,604,20.55669191003785,514.880767989205,1884.731689453125,1570.952392578125,3265.270306451828,194.45518619970142
100,160,721,144,248,492,14.414272375111647,209.6332797352181,652.8880615234375,609.3526611328125,474,12.170683262758768,358.50408423380725,1123.894287109375,1080.358642578125,2243.589112352878,148.87080449858914
